sku_code,prod_date,start_time,end_time,bottles,headcount
A1020,2025-10-02,15:00:00,18:30:00,5832,
A1020,2025-10-03,08:00:00,12:00:00,7938,
A1020,2025-10-28,08:30:00,12:00:00,6816,
A1020,2025-11-12,09:00:00,10:00:00,972,
A1020,2025-11-13,08:00:00,11:30:00,7190,
A1020,2025-11-13,15:40:00,17:00:00,1536,
A1020,2025-11-14,08:00:00,08:20:00,408,
A1020,2025-11-14,11:00:00,15:00:00,4824,
A1020,2025-11-18,08:00:00,12:00:00,6804,
A1020,2025-11-18,15:40:00,17:00:00,1944,
A1020,2025-11-19,08:00:00,11:30:00,4942,
A1020,2025-12-01,14:45:00,16:00:00,972,
A1020,2025-12-02,08:00:00,09:20:00,1944,
A1020,2025-12-03,09:15:00,11:25:00,3874,
A1020,2025-12-04,13:00:00,16:20:00,4860,
A1020,2025-12-08,08:00:00,14:10:00,8837,
A1020,2025-12-18,09:10:00,12:00:00,5832,
A1020,2025-12-19,08:00:00,09:40:00,3729,
A1020,2025-12-30,13:00:00,17:00:00,9532,
A1020,2026-01-09,13:30:00,17:40:00,9644,
A1020,2026-01-26,09:15:00,14:20:00,6776,
A1020,2026-01-28,09:55:00,17:10:00,9720,
A1020,2026-01-30,08:30:00,10:50:00,1186,
A1020,2026-02-23,08:00:00,10:00:00,2682,
A1020,2026-02-28,07:00:00,12:00:00,7776,
A1020,2026-03-03,08:00:00,10:05:00,5749,
A1020,2026-03-13,08:00:00,16:30:00,8748,
A1020,2026-03-14,07:00:00,10:30:00,4813,
A1020,2026-03-30,08:00:00,12:00:00,6804,
A1020,2026-03-31,09:00:00,14:25:00,6729,
A1020,2026-04-09,08:00:00,13:40:00,9329,
A1020,2026-04-15,11:00:00,17:00:00,7776,
A1020,2026-04-16,08:00:00,09:20:00,2926,
A1020,2026-04-21,13:00:00,16:25:00,6704,
A1020,2026-05-08,13:20:00,18:00:00,7776,
A1020,2026-05-09,07:00:00,10:15:00,5592,
A1020,2026-05-28,08:00:00,14:00:00,9418,
A1020,2026-06-10,08:00:00,11:30:00,6758,
A1020,2026-06-18,08:00:00,17:00:00,5316,
A1020,2026-06-22,11:00:00,16:15:00,6778,
A1020,2026-07-07,09:00:00,14:50:00,8172,
A1020,2026-07-08,08:00:00,10:00:00,4044,
A1020,2026-07-17,13:40:00,17:00:00,7896,
A1020,2026-07-20,09:30:00,12:00:00,3963,
A1020,2026-07-23,13:00:00,16:10:00,5832,
A1020,2026-07-24,09:00:00,17:00:00,7510,
A1020,2026-08-03,13:00:00,17:00:00,6696,5
A1020,2026-08-17,09:50:00,16:40:00,6804,5
A1020,2026-08-19,10:30:00,15:15:00,6663,5
A1020,2026-08-29,07:00:00,14:40:00,12399,5
A1032,2025-10-07,08:30:00,10:45:00,3517,
A1032,2025-11-05,14:45:00,17:00:00,2244,
A1032,2025-11-06,11:00:00,12:00:00,1339,
A1032,2025-11-25,09:00:00,15:00:00,3450,
A1032,2026-01-08,13:50:00,15:50:00,3531,
A1032,2026-02-03,08:40:00,09:45:00,3631,
A1032,2026-03-11,14:00:00,15:00:00,612,
A1032,2026-03-11,17:00:00,20:30:00,5390,
A1032,2026-04-22,09:10:00,10:30:00,1266,
A1032,2026-05-15,08:00:00,09:40:00,3549,
A1032,2026-06-23,13:25:00,15:10:00,3535,
A1032,2026-08-11,13:00:00,16:30:00,5399,6
A1040,2025-10-13,11:50:00,16:35:00,5566,
A1040,2025-10-29,15:10:00,17:00:00,3336,
A1040,2025-10-30,08:35:00,09:50:00,2201,
A1040,2025-11-25,15:00:00,17:00:00,1404,
A1040,2025-11-26,08:00:00,09:30:00,4155,
A1040,2025-12-09,08:40:00,13:25:00,5502,
A1040,2026-01-17,07:00:00,10:20:00,5665,
A1040,2026-01-31,10:15:00,12:00:00,2808,
A1040,2026-02-02,08:00:00,10:00:00,3960,
A1040,2026-03-07,07:00:00,10:00:00,5459,
A1040,2026-04-07,13:30:00,17:00:00,3744,
A1040,2026-04-08,08:00:00,09:20:00,2902,
A1040,2026-05-12,08:00:00,10:20:00,5460,
A1040,2026-06-29,08:00:00,11:05:00,5563,
A1040,2026-07-06,11:15:00,14:30:00,4388,
A1040,2026-07-28,10:30:00,14:00:00,5605,
A1040,2026-08-27,13:00:00,15:45:00,5492,5
A1050,2025-10-07,14:30:00,16:05:00,2160,
A1050,2025-10-07,16:05:00,17:00:00,1644,
A1050,2025-10-08,08:00:00,08:20:00,265,
A1050,2025-10-29,11:00:00,13:20:00,2160,
A1050,2025-10-29,13:20:00,13:40:00,490,
A1050,2025-11-26,09:30:00,11:00:00,2160,
A1050,2025-11-26,11:00:00,14:10:00,4740,
A1050,2026-01-05,09:30:00,15:00:00,4320,
A1050,2026-01-05,15:00:00,16:20:00,2558,
A1050,2026-01-30,10:50:00,13:50:00,2160,
A1050,2026-01-30,13:50:00,15:30:00,3331,
A1050,2026-03-07,10:00:00,11:00:00,2160,
A1050,2026-03-07,11:00:00,11:40:00,1951,
A1050,2026-04-23,08:00:00,10:15:00,2160,
A1050,2026-04-23,10:15:00,13:15:00,3266,
A1050,2026-05-16,13:00:00,14:20:00,2663,
A1050,2026-05-20,11:00:00,13:50:00,1356,
A1050,2026-05-21,08:00:00,08:35:00,804,
A1050,2026-05-21,08:45:00,09:00:00,445,
A1050,2026-06-02,08:45:00,13:20:00,4320,
A1050,2026-06-02,13:20:00,13:50:00,927,
A1050,2026-06-29,11:05:00,12:00:00,1080,
A1050,2026-06-29,13:00:00,13:45:00,860,
A1050,2026-08-10,08:00:00,09:15:00,2160,5
A1050,2026-08-10,09:15:00,10:05:00,1872,5
A1050,2026-08-27,08:00:00,10:30:00,2160,6
A1050,2026-08-27,10:30:00,12:00:00,1922,6
A2020,2025-10-04,10:00:00,12:00:00,3120,
A2020,2025-10-08,09:40:00,17:00:00,10517,
A2020,2025-11-12,15:30:00,17:00:00,3120,
A2020,2025-11-13,13:00:00,14:25:00,3410,
A2020,2025-11-21,15:30:00,18:00:00,7800,
A2020,2025-11-24,13:00:00,14:00:00,1983,
A2020,2025-12-10,09:00:00,13:25:00,8760,
A2020,2026-01-12,08:00:00,14:40:00,10238,
A2020,2026-01-26,14:20:00,17:00:00,2004,
A2020,2026-01-29,18:00:00,20:30:00,4680,
A2020,2026-01-30,15:30:00,17:00:00,3525,
A2020,2026-02-09,09:30:00,14:25:00,6336,
A2020,2026-04-07,08:00:00,10:30:00,6094,
A2020,2026-04-23,09:00:00,11:05:00,5997,
A2020,2026-05-11,14:50:00,16:00:00,1092,
A2020,2026-05-12,10:20:00,13:40:00,6485,
A2020,2026-05-27,10:00:00,16:45:00,11028,
A2020,2026-06-24,09:00:00,16:20:00,7689,
A2020,2026-07-09,13:50:00,17:00:00,7152,
A2020,2026-07-13,11:15:00,11:30:00,414,
A2020,2026-07-23,13:55:00,17:00:00,6240,
A2020,2026-07-27,08:30:00,09:15:00,1146,
A2020,2026-08-06,09:00:00,15:00:00,7519,4
A2020,2026-08-21,10:00:00,16:40:00,4680,5
A2020,2026-08-24,08:00:00,13:30:00,7729,4
A2020-1,2026-01-12,14:40:00,15:00:00,366,
A2020-1,2026-01-31,08:45:00,10:00:00,3442,
A2020-1,2026-02-12,08:20:00,10:50:00,6213,
A2040,2025-10-14,09:20:00,12:00:00,4032,
A2040,2025-10-15,13:00:00,14:30:00,3210,
A2040,2025-11-12,13:00:00,15:30:00,5368,
A2040,2025-11-28,13:00:00,15:00:00,3022,
A2040,2025-12-15,15:00:00,16:30:00,1200,
A2040,2025-12-16,14:20:00,16:40:00,4566,
A2040,2025-12-24,10:15:00,13:50:00,2169,
A2040,2026-01-16,14:50:00,17:00:00,3528,
A2040,2026-02-05,08:10:00,10:55:00,7233,
A2040,2026-03-12,11:10:00,15:10:00,5629,
A2040,2026-03-20,14:15:00,15:15:00,2390,
A2040,2026-04-20,13:40:00,16:50:00,6048,
A2040,2026-04-21,11:00:00,12:00:00,1187,
A2040,2026-05-11,14:10:00,14:50:00,1817,
A2040,2026-05-16,09:00:00,10:10:00,2986,
A2040,2026-06-11,09:00:00,14:35:00,4349,
A2040,2026-06-23,10:00:00,10:50:00,497,
A2040,2026-07-09,11:00:00,13:35:00,4220,
A2040,2026-07-22,14:00:00,15:00:00,2142,
A2040,2026-08-05,14:45:00,15:00:00,299,4
A2040,2026-08-14,13:50:00,16:00:00,5099,4
A2040-1,2026-01-20,08:00:00,09:00:00,1210,
A2050,2025-10-20,15:35:00,17:00:00,3024,
A2050,2025-10-21,13:40:00,14:30:00,1369,
A2050,2025-11-24,14:00:00,15:30:00,1980,
A2050,2025-12-01,13:00:00,13:40:00,413,
A2050,2025-12-17,10:30:00,13:20:00,4318,
A2050,2026-01-12,15:40:00,16:00:00,372,
A2050,2026-01-20,09:00:00,09:55:00,1681,
A2050,2026-01-20,15:20:00,17:00:00,3246,
A2050,2026-03-05,09:10:00,13:20:00,218,
A2050,2026-03-20,13:20:00,14:15:00,2455,
A2050,2026-04-20,08:00:00,13:40:00,5922,
A2050,2026-05-16,08:40:00,09:00:00,832,
A2050,2026-06-25,14:05:00,14:15:00,359,
A2050,2026-07-15,16:40:00,18:00:00,2784,
A2050,2026-07-16,08:00:00,08:50:00,1593,
A2050,2026-07-22,15:00:00,16:15:00,2095,
A2050,2026-08-14,16:00:00,17:00:00,1993,4
A2060,2025-10-01,13:45:00,17:00:00,5616,
A2060,2025-10-04,07:00:00,10:00:00,7927,
A2060,2025-10-31,16:15:00,17:00:00,1560,
A2060,2025-11-04,10:40:00,16:00:00,11507,
A2060,2025-11-24,16:00:00,17:00:00,2184,
A2060,2025-11-25,13:00:00,17:00:00,10754,
A2060,2025-12-17,13:20:00,14:40:00,3561,
A2060,2025-12-23,11:20:00,17:00:00,12922,
A2060,2026-01-12,15:15:00,15:35:00,1020,
A2060,2026-01-22,13:00:00,18:30:00,8736,
A2060,2026-01-23,14:00:00,16:20:00,5613,
A2060,2026-03-04,08:00:00,11:10:00,7363,
A2060,2026-03-05,13:20:00,14:40:00,2184,
A2060,2026-03-07,07:00:00,12:00:00,7891,
A2060,2026-03-25,08:50:00,17:00:00,13572,
A2060,2026-03-26,08:00:00,08:30:00,735,
A2060,2026-05-06,13:00:00,15:45:00,5826,
A2060,2026-05-16,10:10:00,12:00:00,4317,
A2060,2026-06-02,09:30:00,16:45:00,11339,
A2060,2026-06-25,14:15:00,17:00:00,6552,
A2060,2026-06-29,13:45:00,15:10:00,3833,
A2060,2026-07-16,08:50:00,09:45:00,1416,
A2060,2026-07-17,08:00:00,10:20:00,3696,
A2060,2026-07-20,13:00:00,15:40:00,3516,
A2060,2026-08-05,10:25:00,14:45:00,7892,4
A2060,2026-08-26,13:00:00,17:00:00,8736,5
A2060,2026-08-28,08:40:00,11:20:00,4257,4
A3010,2025-10-20,10:45:00,15:35:00,9473,
A3010,2025-10-27,08:00:00,13:50:00,9389,
A3010,2025-11-19,13:00:00,16:10:00,6892,
A3010,2025-11-22,07:40:00,13:40:00,9428,
A3010,2025-12-01,08:00:00,14:10:00,9380,
A3010,2026-01-07,09:00:00,13:40:00,9591,
A3010,2026-01-21,10:40:00,13:40:00,1512,
A3010,2026-01-22,09:40:00,16:30:00,7960,
A3010,2026-01-23,08:00:00,14:00:00,9388,
A3010,2026-03-03,10:05:00,16:30:00,6048,
A3010,2026-03-04,13:00:00,13:30:00,3152,
A3010,2026-03-17,09:50:00,14:50:00,11449,
A3010,2026-04-01,08:40:00,12:00:00,6756,
A3010,2026-04-29,08:00:00,10:30:00,4531,
A3010,2026-05-09,11:15:00,16:00:00,4224,
A3010,2026-05-11,08:00:00,17:00:00,5125,
A3010,2026-05-21,13:30:00,17:00:00,4692,
A3010,2026-05-22,08:00:00,13:30:00,6849,
A3010,2026-06-16,08:00:00,17:00:00,3756,
A3010,2026-06-17,08:00:00,10:30:00,5653,
A3010,2026-07-16,09:45:00,16:20:00,11374,
A3010,2026-08-04,08:00:00,14:10:00,9472,6
A3010,2026-08-12,08:00:00,14:15:00,9670,5
A3010,2026-08-31,08:00:00,17:00:00,6048,6
A3012,2025-10-07,11:45:00,14:30:00,2855,
A3012,2026-01-07,13:40:00,15:20:00,2159,
A3012,2026-03-23,13:40:00,14:50:00,2219,
A3012,2026-06-24,10:00:00,12:00:00,1607,
B1011,2025-10-01,17:00:00,18:00:00,672,
B1011,2025-10-02,08:00:00,10:20:00,2706,
B1011,2025-10-03,17:00:00,18:30:00,1680,
B1011,2025-10-04,07:00:00,08:35:00,1714,
B1011,2025-10-16,08:00:00,10:30:00,3392,
B1011,2025-10-18,07:00:00,09:45:00,3480,
B1011,2025-10-21,14:30:00,18:00:00,3469,
B1011,2025-11-03,11:10:00,15:00:00,3486,
B1011,2025-11-06,08:00:00,11:00:00,2808,
B1011,2025-11-07,10:00:00,12:00:00,470,
B1011,2025-11-17,16:30:00,18:00:00,1525,
B1011,2025-11-19,17:20:00,19:30:00,1506,
B1011,2025-11-26,17:00:00,20:30:00,2688,
B1011,2025-11-27,09:00:00,09:30:00,552,
B1011,2025-11-29,08:10:00,11:20:00,3283,
B1011,2025-12-08,13:00:00,17:00:00,3496,
B1011,2025-12-10,10:00:00,14:45:00,3439,
B1011,2025-12-12,13:20:00,15:25:00,1712,
B1011,2025-12-22,13:00:00,15:55:00,3450,
B1011,2026-01-02,08:05:00,09:40:00,1759,
B1011,2026-01-07,15:20:00,19:05:00,3446,
B1011,2026-01-15,11:35:00,14:05:00,1680,
B1011,2026-01-19,09:00:00,13:10:00,3385,
B1011,2026-01-21,19:15:00,20:30:00,1344,
B1011,2026-01-22,08:00:00,09:40:00,1655,
B1011,2026-01-27,17:50:00,20:30:00,2016,
B1011,2026-01-28,08:30:00,09:55:00,1412,
B1011,2026-02-02,08:00:00,10:00:00,3960,
B1011,2026-02-03,09:45:00,14:40:00,3368,
B1011,2026-02-05,13:55:00,16:50:00,3379,
B1011,2026-02-09,14:25:00,17:00:00,3198,
B1011,2026-02-10,07:00:00,07:20:00,146,
B1011,2026-02-13,09:20:00,14:00:00,3334,
B1011,2026-02-24,10:00:00,14:40:00,3341,
B1011,2026-03-03,16:30:00,20:30:00,2016,
B1011,2026-03-04,13:40:00,14:30:00,1318,
B1011,2026-03-14,10:30:00,12:00:00,1344,
B1011,2026-03-16,10:20:00,13:10:00,2024,
B1011,2026-03-18,08:00:00,09:15:00,1258,
B1011,2026-03-19,15:20:00,20:30:00,2016,
B1011,2026-03-20,08:00:00,08:40:00,934,
B1011,2026-03-26,14:30:00,19:30:00,3326,
B1011,2026-03-30,17:00:00,20:30:00,2688,
B1011,2026-03-31,08:00:00,09:00:00,637,
B1011,2026-04-01,18:00:00,19:35:00,1656,
B1011,2026-04-08,15:00:00,19:40:00,3345,
B1011,2026-04-14,17:00:00,20:20:00,2793,
B1011,2026-04-17,16:05:00,20:15:00,2773,
B1011,2026-04-21,18:30:00,20:30:00,2106,
B1011,2026-04-22,08:00:00,09:10:00,1266,
B1011,2026-04-27,11:00:00,17:00:00,2688,
B1011,2026-04-28,08:00:00,08:20:00,700,
B1011,2026-05-05,15:30:00,18:30:00,3154,
B1011,2026-05-11,11:20:00,15:30:00,3138,
B1011,2026-05-15,14:50:00,16:55:00,3124,
B1011,2026-05-19,13:20:00,16:15:00,3148,
B1011,2026-05-26,14:00:00,16:30:00,3149,
B1011,2026-06-02,13:50:00,17:30:00,3144,
B1011,2026-06-08,10:30:00,13:50:00,1831,
B1011,2026-06-15,11:20:00,16:50:00,3233,
B1011,2026-07-01,13:00:00,15:40:00,1514,
B1011,2026-07-03,15:40:00,18:00:00,3246,
B1011,2026-07-08,10:00:00,14:25:00,3166,
B1011,2026-07-17,17:00:00,19:35:00,2030,
B1011,2026-07-21,13:00:00,16:30:00,3181,
B1011,2026-07-28,14:00:00,16:55:00,3169,
B1011,2026-08-01,08:30:00,09:50:00,1662,6
B1011,2026-08-06,16:45:00,18:15:00,1008,4
B1011,2026-08-07,08:00:00,10:00:00,2016,5
B1011,2026-08-10,13:40:00,15:45:00,2413,5
B1011,2026-08-13,15:00:00,18:00:00,2518,9
B1011,2026-08-14,08:00:00,09:00:00,1293,6
B1011,2026-08-20,18:55:00,20:30:00,1344,6
B1011,2026-08-21,08:00:00,10:00:00,2752,5
B1011,2026-08-24,16:20:00,20:30:00,2352,6
B1011,2026-08-25,08:00:00,17:00:00,4068,6
B1011,2026-08-31,11:15:00,15:50:00,3329,5
B1031,2026-01-21,18:30:00,19:15:00,350,
B1031,2026-03-19,14:30:00,15:20:00,347,
B1040,2025-10-17,13:35:00,15:00:00,2680,
B1040,2025-10-31,11:00:00,16:15:00,6645,
B1040,2025-11-27,07:30:00,11:10:00,3306,
B1040,2025-12-11,08:00:00,09:45:00,3280,
B1040,2025-12-31,16:50:00,18:00:00,2091,
B1040,2026-01-14,14:00:00,15:50:00,3226,
B1040,2026-01-23,16:20:00,20:30:00,3193,
B1040,2026-01-29,16:05:00,20:30:00,5376,
B1040,2026-01-30,08:00:00,08:30:00,1186,
B1040,2026-03-04,16:25:00,18:00:00,3176,
B1040,2026-03-24,09:00:00,16:40:00,6419,
B1040,2026-04-23,13:30:00,17:00:00,5904,
B1040,2026-05-07,18:35:00,20:30:00,2472,
B1040,2026-05-08,08:00:00,08:30:00,699,
B1040,2026-05-28,09:30:00,13:30:00,5187,
B1040,2026-06-25,09:00:00,10:10:00,2593,
B1040,2026-07-15,13:55:00,16:40:00,4495,
B1040,2026-07-31,14:20:00,15:40:00,912,
B1040,2026-08-01,07:00:00,08:20:00,2314,6
B1040,2026-08-20,15:10:00,18:50:00,5193,8
B2011,2025-10-08,20:00:00,20:30:00,288,
B2011,2025-10-09,08:00:00,18:05:00,2933,
B2011,2025-10-09,18:05:00,18:25:00,336,
B2011,2025-10-11,07:00:00,08:15:00,1138,
B2011,2025-10-16,16:50:00,18:30:00,1680,
B2011,2025-10-17,08:30:00,09:40:00,1218,
B2011,2025-10-20,09:30:00,13:55:00,3213,
B2011,2025-10-22,09:00:00,11:10:00,2281,
B2011,2025-10-25,07:30:00,09:40:00,2675,
B2011,2025-10-29,17:00:00,18:30:00,1344,
B2011,2025-10-30,08:00:00,08:35:00,847,
B2011,2025-10-30,17:00:00,18:30:00,1344,
B2011,2025-10-31,08:00:00,09:40:00,1329,
B2011,2025-11-04,10:40:00,13:25:00,1131,
B2011,2025-11-05,10:05:00,15:25:00,2689,
B2011,2025-11-06,11:00:00,15:10:00,2713,
B2011,2025-11-19,11:30:00,13:10:00,579,
B2011,2025-11-19,13:10:00,17:20:00,2417,
B2011,2025-11-21,18:30:00,20:00:00,1484,
B2011,2025-11-28,17:00:00,19:35:00,1936,
B2011,2025-12-02,09:20:00,11:30:00,2717,
B2011,2025-12-04,08:40:00,11:15:00,2747,
B2011,2025-12-08,08:30:00,11:40:00,2924,
B2011,2025-12-09,13:00:00,13:55:00,881,
B2011,2025-12-11,09:45:00,13:50:00,3068,
B2011,2025-12-16,08:00:00,09:50:00,1480,
B2011,2025-12-17,08:45:00,10:30:00,1670,
B2011,2025-12-19,17:30:00,19:15:00,1294,
B2011,2025-12-19,19:15:00,20:30:00,1008,
B2011,2025-12-22,08:00:00,09:10:00,1257,
B2011,2025-12-30,10:55:00,12:00:00,969,
B2011,2026-01-02,14:40:00,15:00:00,430,
B2011,2026-01-05,19:10:00,20:30:00,1008,
B2011,2026-01-06,16:35:00,18:00:00,1901,
B2011,2026-01-06,18:30:00,20:30:00,1680,
B2011,2026-01-07,08:00:00,09:10:00,1211,
B2011,2026-01-13,11:50:00,14:00:00,1115,
B2011,2026-01-15,08:00:00,11:35:00,3271,
B2011,2026-01-16,17:00:00,20:30:00,3097,
B2011,2026-01-22,18:30:00,20:15:00,2848,
B2011,2026-01-28,16:30:00,17:30:00,1085,
B2011,2026-01-28,17:35:00,20:30:00,2542,
B2011,2026-02-02,16:50:00,18:30:00,1680,
B2011,2026-02-03,08:00:00,08:40:00,706,
B2011,2026-02-03,17:00:00,20:30:00,1008,
B2011,2026-02-04,08:00:00,09:25:00,1549,
B2011,2026-02-06,15:30:00,18:00:00,3176,
B2011,2026-02-10,16:30:00,20:00:00,3347,
B2011,2026-02-11,16:00:00,19:50:00,3270,
B2011,2026-02-11,19:00:00,20:30:00,1680,
B2011,2026-02-12,08:00:00,08:20:00,523,
B2011,2026-02-26,08:50:00,10:30:00,1587,
B2011,2026-03-02,08:00:00,10:00:00,1601,
B2011,2026-03-06,08:00:00,09:15:00,1220,
B2011,2026-03-07,13:00:00,15:10:00,3230,
B2011,2026-03-10,08:00:00,11:15:00,3213,
B2011,2026-03-13,17:30:00,20:30:00,2688,
B2011,2026-03-14,07:00:00,07:35:00,493,
B2011,2026-03-17,14:50:00,19:30:00,3213,
B2011,2026-03-21,07:00:00,09:45:00,2508,
B2011,2026-03-26,08:30:00,11:20:00,2362,
B2011,2026-03-26,11:20:00,14:30:00,2666,
B2011,2026-03-27,09:40:00,14:00:00,2668,
B2011,2026-03-28,09:00:00,12:00:00,2676,
B2011,2026-04-01,08:00:00,08:30:00,604,
B2011,2026-04-08,10:40:00,14:20:00,2780,
B2011,2026-04-10,18:30:00,20:30:00,2016,
B2011,2026-04-13,08:55:00,10:40:00,1040,
B2011,2026-04-15,08:00:00,11:00:00,2846,
B2011,2026-04-16,18:00:00,20:00:00,2016,
B2011,2026-04-17,08:00:00,08:55:00,1186,
B2011,2026-04-17,08:55:00,11:45:00,2604,
B2011,2026-04-22,17:30:00,18:50:00,1433,
B2011,2026-04-23,18:00:00,20:30:00,2872,
B2011,2026-04-24,13:00:00,15:35:00,3031,
B2011,2026-04-27,08:00:00,10:50:00,3029,
B2011,2026-04-30,16:10:00,17:00:00,672,
B2011,2026-05-04,08:00:00,09:05:00,1985,
B2011,2026-05-06,15:50:00,18:30:00,2352,
B2011,2026-05-07,08:30:00,08:50:00,410,
B2011,2026-05-07,14:40:00,18:30:00,2782,
B2011,2026-05-09,10:15:00,13:50:00,2591,
B2011,2026-05-11,17:50:00,20:15:00,1882,
B2011,2026-05-19,09:40:00,12:00:00,2359,
B2011,2026-05-20,10:25:00,14:10:00,1066,
B2011,2026-05-22,14:00:00,14:40:00,1280,
B2011,2026-05-25,14:30:00,15:40:00,1035,
B2011,2026-06-04,14:45:00,17:00:00,1771,
B2011,2026-06-05,15:25:00,17:00:00,1680,
B2011,2026-06-08,08:00:00,08:30:00,480,
B2011,2026-06-09,08:00:00,11:15:00,2742,
B2011,2026-06-10,13:00:00,14:20:00,684,
B2011,2026-06-12,14:50:00,16:30:00,2595,
B2011,2026-06-16,13:30:00,16:20:00,2289,
B2011,2026-06-30,08:50:00,09:10:00,258,
B2011,2026-07-02,13:40:00,17:00:00,2268,
B2011,2026-07-06,14:30:00,17:00:00,2238,
B2011,2026-07-07,08:00:00,08:15:00,339,
B2011,2026-07-08,14:25:00,17:00:00,2028,
B2011,2026-07-09,08:00:00,08:30:00,455,
B2011,2026-07-14,08:00:00,09:30:00,1410,
B2011,2026-07-15,10:10:00,13:55:00,2656,
B2011,2026-07-16,08:50:00,09:45:00,691,
B2011,2026-07-17,13:00:00,15:55:00,2667,
B2011,2026-07-22,08:00:00,17:50:00,2592,
B2011,2026-07-24,13:30:00,18:00:00,2016,
B2011,2026-07-25,07:00:00,08:05:00,1021,
B2011,2026-07-27,13:00:00,14:50:00,1772,
B2011,2026-07-29,15:10:00,17:00:00,1795,
B2011,2026-07-30,15:50:00,19:55:00,3215,
B2011,2026-08-01,10:45:00,13:40:00,2771,3
B2011,2026-08-05,16:15:00,17:45:00,1450,5
B2011,2026-08-06,08:00:00,11:00:00,3200,3
B2011,2026-08-08,07:50:00,10:50:00,2676,4
B2011,2026-08-11,08:00:00,11:05:00,2669,3
B2011,2026-08-12,16:00:00,17:00:00,1836,4
B2011,2026-08-12,17:00:00,18:00:00,492,2
B2011,2026-08-13,10:55:00,11:05:00,334,3
B2011,2026-08-13,11:10:00,14:25:00,2674,5
B2011,2026-08-15,10:30:00,12:00:00,1008,3
B2011,2026-08-17,08:00:00,08:15:00,216,3
B2011,2026-08-21,10:00:00,11:35:00,1603,3
B2011,2026-08-25,08:50:00,11:20:00,2687,3
B2011,2026-08-26,08:00:00,10:50:00,2691,3
B2011,2026-08-29,09:15:00,12:00:00,2686,3
B2021,2025-10-13,16:00:00,18:30:00,2994,
B2021,2025-10-14,08:00:00,08:10:00,178,
B2021,2025-10-20,15:35:00,17:00:00,942,
B2021,2025-10-21,08:00:00,09:40:00,2221,
B2021,2025-10-27,15:00:00,18:10:00,2567,
B2021,2025-11-17,11:30:00,14:10:00,1999,
B2021,2025-11-22,13:40:00,16:00:00,2016,
B2021,2025-11-24,08:00:00,08:50:00,618,
B2021,2025-11-28,19:40:00,20:30:00,900,
B2021,2025-11-29,07:00:00,08:10:00,1211,
B2021,2025-12-22,09:10:00,10:50:00,1396,
B2021,2026-01-02,15:40:00,16:00:00,546,
B2021,2026-01-05,16:20:00,19:10:00,2174,
B2021,2026-01-13,11:10:00,11:50:00,649,
B2021,2026-02-03,14:40:00,17:00:00,2443,
B2021,2026-02-23,17:20:00,18:30:00,1008,
B2021,2026-02-24,08:00:00,20:30:00,592,
B2021,2026-03-06,09:25:00,14:10:00,3070,
B2021,2026-03-12,08:00:00,11:10:00,2505,
B2021,2026-03-23,13:40:00,16:40:00,2987,
B2021,2026-03-31,18:30:00,20:30:00,2016,
B2021,2026-04-07,17:30:00,20:30:00,2688,
B2021,2026-04-08,07:00:00,07:30:00,450,
B2021,2026-04-14,08:00:00,09:10:00,1373,
B2021,2026-04-20,19:00:00,20:30:00,1008,
B2021,2026-04-21,16:25:00,17:50:00,1568,
B2021,2026-05-04,08:00:00,09:00:00,1228,
B2021,2026-06-30,09:10:00,09:55:00,615,
B2021,2026-07-09,16:00:00,19:00:00,870,
B2021,2026-07-13,08:00:00,18:00:00,1752,
B2021,2026-07-20,13:25:00,15:50:00,2621,
B2021,2026-08-04,08:00:00,11:30:00,2627,3
B2021,2026-08-19,08:00:00,10:30:00,2977,3
B2021,2026-08-28,08:00:00,10:45:00,2332,3
B2021-1,2026-04-21,17:50:00,18:15:00,161,
B2021-1,2026-05-09,13:50:00,14:15:00,172,
B2021-1,2026-05-16,08:00:00,10:15:00,2643,
B2021-1,2026-05-22,14:45:00,16:00:00,1280,
B2021-1,2026-05-25,08:45:00,11:20:00,2707,
B2031,2025-11-03,15:00:00,16:35:00,3097,
B2031,2025-11-27,18:30:00,20:25:00,3269,
B2031,2025-12-12,16:00:00,17:00:00,672,
B2031,2025-12-15,08:00:00,10:35:00,2461,
B2031,2026-01-17,07:00:00,09:40:00,3223,
B2031,2026-02-23,10:00:00,14:30:00,3149,
B2031,2026-03-18,18:00:00,20:30:00,2517,
B2031,2026-04-02,18:30:00,20:30:00,2688,
B2031,2026-04-07,10:30:00,12:00:00,417,
B2031,2026-04-28,16:00:00,17:00:00,1344,
B2031,2026-04-29,14:50:00,16:15:00,1980,
B2031,2026-05-28,14:30:00,16:30:00,3161,
B2031,2026-07-14,13:30:00,18:00:00,1824,
B2031,2026-07-15,08:00:00,09:05:00,1292,
B2031,2026-08-17,16:40:00,18:30:00,2688,7
B2031,2026-08-18,08:00:00,08:30:00,439,5
B2041,2025-10-17,15:00:00,17:30:00,3686,
B2041,2025-12-22,17:00:00,18:30:00,1344,
B2041,2025-12-24,08:00:00,08:45:00,1102,
B2041,2026-02-23,14:30:00,17:20:00,3149,
B2041,2026-04-14,09:10:00,11:30:00,3066,
B3011,2025-10-09,09:20:00,13:10:00,3444,
B3011,2025-10-23,17:00:00,20:30:00,3024,
B3011,2025-10-25,07:00:00,07:30:00,411,
B3011,2025-11-17,14:10:00,16:30:00,1491,
B3011,2025-12-12,08:20:00,10:15:00,1682,
B3011,2026-01-09,08:00:00,10:45:00,3369,
B3011,2026-01-31,07:00:00,08:45:00,1675,
B3011,2026-02-11,08:00:00,09:30:00,1678,
B3011,2026-02-26,11:05:00,16:30:00,3373,
B3011,2026-04-01,19:40:00,20:30:00,1002,
B3011,2026-04-02,15:00:00,15:20:00,659,
B3011,2026-04-10,13:20:00,16:20:00,2816,
B3011,2026-05-08,08:30:00,10:10:00,1468,
B3011,2026-05-21,11:30:00,16:15:00,3135,
B3011,2026-06-09,15:35:00,17:00:00,1466,
B3011,2026-06-25,10:20:00,11:20:00,1278,
B3011,2026-07-14,11:00:00,13:40:00,1652,
B3011,2026-08-04,11:30:00,14:20:00,1651,7
B3011,2026-08-18,11:40:00,20:30:00,3325,6
B3020,2025-10-11,08:50:00,11:00:00,3272,
B3020,2025-10-29,08:00:00,11:00:00,6642,
B3020,2026-01-16,09:35:00,13:50:00,3237,
B3020,2026-02-10,13:00:00,14:35:00,3249,
B3020,2026-03-04,14:40:00,16:20:00,3237,
B3020,2026-03-31,14:25:00,16:30:00,3220,
B3020,2026-04-30,09:35:00,11:25:00,3235,
B3020,2026-05-12,08:20:00,11:25:00,3180,
B3020,2026-06-09,13:25:00,15:30:00,3334,
B3020,2026-07-25,09:40:00,12:00:00,3205,
B3020,2026-08-11,11:05:00,17:00:00,3212,9
B5011,2025-10-13,08:00:00,09:20:00,1652,
B5011,2025-10-30,14:00:00,16:55:00,3319,
B5011,2025-12-16,09:50:00,17:00:00,168,
B5011,2025-12-17,08:00:00,08:45:00,1266,
B5011,2026-01-16,08:00:00,09:35:00,1630,
B5011,2026-02-11,09:30:00,10:40:00,1649,
B5011,2026-03-10,13:00:00,16:20:00,3368,
B5011,2026-04-30,08:00:00,09:35:00,1640,
B5011,2026-05-25,11:20:00,13:50:00,1262,
B5011,2026-06-12,08:00:00,09:20:00,1316,
B5011,2026-07-14,09:30:00,11:00:00,1528,
B5011,2026-08-04,14:20:00,16:05:00,1761,6
C1010,2025-11-07,10:00:00,10:34:00,34,
C1010,2025-11-07,10:34:00,10:42:00,35,
C1010,2025-11-07,10:42:00,10:48:00,30,
C1010,2025-11-07,10:48:00,10:55:00,33,
C1010,2025-11-07,10:55:00,10:59:00,17,
C1010,2025-11-07,10:59:00,11:04:00,26,
C1010,2025-11-07,11:04:00,11:12:00,35,
C1010,2025-11-07,11:12:00,11:19:00,36,
C1010,2025-11-07,11:19:00,11:23:00,16,
C1010,2026-01-13,08:45:00,08:55:00,30,
C1010,2026-01-13,08:55:00,09:05:00,32,
C1010,2026-01-13,09:05:00,09:10:00,33,
C1010,2026-01-13,09:10:00,09:16:00,35,
C1010,2026-01-13,09:16:00,09:22:00,35,
C1010,2026-01-13,09:22:00,09:28:00,33,
C1010,2026-01-13,09:28:00,09:35:00,35,
C1010,2026-01-13,09:35:00,09:40:00,35,
C1010,2026-01-13,09:40:00,09:45:00,27,
C1010,2026-01-13,09:45:00,09:50:00,30,
C1010,2026-01-13,09:50:00,10:00:00,35,
C1010,2026-02-12,10:24:00,10:30:00,34,
C1010,2026-02-12,10:30:00,10:38:00,28,
C1010,2026-02-12,10:38:00,10:43:00,32,
C1010,2026-02-12,10:43:00,10:50:00,35,
C1010,2026-02-12,10:50:00,10:56:00,30,
C1010,2026-02-12,10:56:00,11:01:00,35,
C1010,2026-02-12,11:01:00,11:09:00,33,
C1010,2026-02-12,11:09:00,11:17:00,35,
C1010,2026-04-13,11:14:00,11:26:00,35,
C1010,2026-04-13,11:26:00,11:35:00,33,
C1010,2026-04-13,11:35:00,11:42:00,35,
C1010,2026-04-13,11:42:00,11:47:00,37,
C1010,2026-05-16,08:00:00,08:40:00,195,
C1010,2026-07-03,09:30:00,10:25:00,129,
C1010,2026-08-28,08:00:00,08:30:00,200,3
C1020,2025-10-14,15:30:00,17:50:00,727,
C1020,2025-10-28,08:00:00,08:30:00,437,
C1020,2025-10-31,09:00:00,11:00:00,577,
C1020,2025-11-24,14:00:00,16:30:00,727,
C1020,2025-11-27,15:30:00,16:55:00,439,
C1020,2025-12-16,09:00:00,15:20:00,874,
C1020,2026-01-06,08:00:00,10:30:00,240,
C1020,2026-01-14,09:30:00,13:30:00,1200,
C1020,2026-01-14,08:00:00,09:00:00,101,
C1020,2026-01-21,08:50:00,14:30:00,1018,
C1020,2026-02-06,08:00:00,11:00:00,436,
C1020,2026-02-11,14:10:00,16:40:00,1200,
C1020,2026-03-02,14:30:00,15:30:00,536,
C1020,2026-03-06,15:40:00,17:00:00,480,
C1020,2026-03-07,14:30:00,16:00:00,398,
C1020,2026-03-21,09:45:00,11:00:00,869,
C1020,2026-04-01,13:30:00,17:30:00,1452,
C1020,2026-04-18,08:00:00,10:45:00,720,
C1020,2026-04-24,13:00:00,16:00:00,1157,
C1030,2026-06-11,09:30:00,11:10:00,703,
C1030,2026-06-25,13:00:00,15:30:00,710,
C1030,2026-07-14,11:10:00,13:30:00,573,
C1030,2026-07-25,10:00:00,12:00:00,240,
C1030,2026-07-27,09:15:00,11:00:00,490,
C1030,2026-08-15,07:00:00,07:45:00,728,7
C1030,2026-08-20,16:30:00,19:20:00,726,5
C1030,2026-08-28,16:00:00,17:00:00,429,6
C3020,2025-10-14,08:10:00,08:23:00,38,
C3020,2025-10-14,08:23:00,08:32:00,38,
C3020,2025-10-14,08:32:00,08:48:00,35,
C3020,2025-10-14,08:48:00,08:55:00,35,
C3020,2025-10-14,08:55:00,09:04:00,31,
C3020,2025-10-14,09:04:00,09:13:00,37,
C3020,2025-11-28,11:30:00,11:42:00,33,
C3020,2025-11-28,11:42:00,11:50:00,38,
C3020,2025-11-28,11:50:00,11:55:00,36,
C3020,2026-01-10,13:00:00,13:11:00,34,
C3020,2026-01-10,13:11:00,13:18:00,38,
C3020,2026-01-10,13:18:00,13:27:00,38,
C3020,2026-01-10,13:27:00,13:32:00,35,
C3020,2026-01-10,13:32:00,13:39:00,34,
C3020,2026-01-10,13:39:00,13:46:00,35,
C3020,2026-02-06,08:49:00,08:58:00,34,
C3020,2026-02-06,08:58:00,09:10:00,33,
C3020,2026-02-06,09:10:00,09:15:00,35,
C3020,2026-02-06,09:15:00,09:20:00,34,
C3020,2026-02-06,09:20:00,09:25:00,38,
C3020,2026-02-06,09:25:00,09:30:00,35,
C3020,2026-02-06,09:30:00,09:35:00,38,
C3020,2026-02-06,09:35:00,09:40:00,35,
C3020,2026-04-13,08:55:00,09:26:00,35,
C3020,2026-04-13,09:26:00,09:42:00,35,
C3020,2026-04-13,09:42:00,09:49:00,35,
C3020,2026-04-13,09:49:00,09:54:00,37,
C3020,2026-04-13,09:54:00,10:00:00,35,
C3020,2026-04-13,10:00:00,10:11:00,37,
C3020,2026-04-13,10:11:00,10:18:00,35,
C3020,2026-04-13,10:18:00,10:25:00,34,
C3020,2026-05-19,09:00:00,09:20:00,212,
C3020,2026-07-09,08:00:00,09:30:00,141,
C3020,2026-08-20,11:20:00,15:10:00,348,4
C3020-1,2025-12-29,09:22:00,09:31:00,35,
C3020-1,2025-12-29,09:31:00,09:36:00,37,
C3020-1,2025-12-29,09:36:00,09:42:00,37,
C3070,2025-10-27,15:00:00,18:30:00,466,
C3070,2025-11-27,16:55:00,18:30:00,370,
C3070,2025-12-16,14:40:00,17:30:00,294,
C3070,2026-01-13,10:00:00,11:10:00,321,
C3070,2026-01-13,08:00:00,08:45:00,120,
C3070,2026-03-06,14:00:00,15:30:00,455,
C3070,2026-04-04,09:00:00,12:00:00,447,
C3070,2026-04-23,17:30:00,19:30:00,590,
C3070,2026-05-19,11:50:00,12:00:00,40,
C3070,2026-05-19,13:00:00,13:20:00,291,
C3080,2025-11-17,08:00:00,10:00:00,297,
C3080,2025-11-24,10:20:00,12:00:00,223,
C3080,2025-12-16,13:40:00,17:50:00,766,
C3080,2025-12-29,09:45:00,10:40:00,599,
C3081,2026-07-14,09:20:00,11:00:00,293,
C3081,2026-08-15,07:45:00,09:30:00,358,4
C5010,2025-11-27,14:30:00,15:30:00,345,
C5010,2026-01-16,10:00:00,10:45:00,259,
C5010,2026-02-13,08:35:00,09:00:00,341,
C5010,2026-04-04,07:00:00,09:00:00,425,
C5010,2026-04-23,17:50:00,18:20:00,341,
C5020,2026-06-25,08:00:00,08:40:00,415,
C5020,2026-08-08,07:00:00,07:50:00,352,8
C7010,2025-10-31,11:00:00,11:30:00,200,
C7010,2026-01-12,16:00:00,18:00:00,273,
C7010,2026-03-14,10:05:00,11:45:00,419,
C7010,2026-05-13,16:45:00,17:00:00,144,
C7010,2026-05-14,08:05:00,08:20:00,203,
C7020,2026-04-28,08:00:00,13:10:00,834,
C7020,2026-06-03,11:40:00,16:35:00,846,
C7020,2026-06-17,13:00:00,14:30:00,530,
C7020,2026-07-21,08:00:00,10:30:00,271,
C7020,2026-08-07,10:00:00,11:35:00,275,5
C7021,2026-06-11,09:30:00,10:20:00,264,
C7021,2026-07-02,13:00:00,15:40:00,268,
C7021,2026-08-07,08:25:00,12:00:00,258,5
C7021,2026-08-28,13:00:00,14:00:00,401,5
C9030,2025-12-16,15:30:00,16:00:00,284,
C9030,2026-03-14,09:00:00,10:00:00,279,
C9030,2026-05-14,07:00:00,08:05:00,350,
C9050,2025-12-15,13:00:00,13:45:00,101,
C9050,2026-01-14,13:30:00,14:00:00,100,
C9050,2026-04-24,09:10:00,10:10:00,96,
D0111,2025-10-17,09:40:00,11:05:00,518,
D0111,2025-11-13,14:40:00,15:40:00,305,
D0111,2025-11-25,08:00:00,08:30:00,9,
D0111,2025-12-05,08:30:00,09:25:00,304,
D0111,2025-12-10,16:15:00,16:35:00,11,
D0111,2025-12-18,08:20:00,08:25:00,9,
D0111,2025-12-23,10:50:00,11:20:00,197,
D0111,2026-01-02,15:05:00,15:40:00,198,
D0111,2026-01-15,16:12:00,17:00:00,198,
D0111,2026-01-28,08:00:00,08:30:00,161,
D0111,2026-01-30,19:50:00,20:30:00,39,
D0111,2026-01-31,08:45:00,10:15:00,673,
D0111,2026-02-07,08:00:00,09:00:00,332,
D0111,2026-02-11,14:10:00,15:00:00,331,
D0111,2026-03-02,11:10:00,13:30:00,449,
D0111,2026-04-09,15:10:00,16:05:00,334,
D0111,2026-05-16,07:00:00,08:15:00,330,
D0111,2026-05-28,14:00:00,15:50:00,332,
D0111,2026-07-08,08:00:00,09:35:00,447,
D0111,2026-07-30,14:50:00,15:50:00,309,
D0113,2025-10-09,15:20:00,17:00:00,523,
D0113,2025-10-20,08:00:00,09:30:00,515,
D0113,2025-11-05,09:00:00,10:05:00,514,
D0113,2025-11-14,08:20:00,09:30:00,540,
D0113,2025-11-29,11:00:00,12:00:00,150,
D0113,2025-12-01,13:40:00,14:45:00,269,
D0113,2025-12-08,10:00:00,11:45:00,639,
D0113,2025-12-10,14:45:00,16:15:00,526,
D0113,2026-01-10,07:00:00,08:40:00,629,
D0113,2026-01-21,11:30:00,14:25:00,637,
D0113,2026-02-02,13:50:00,15:45:00,641,
D0113,2026-02-05,09:00:00,11:00:00,636,
D0113,2026-03-05,16:05:00,17:00:00,316,
D0113,2026-03-13,20:00:00,20:30:00,150,
D0113,2026-03-14,07:35:00,09:55:00,377,
D0113,2026-03-26,20:00:00,20:30:00,105,
D0113,2026-03-27,08:00:00,09:40:00,415,
D0113,2026-04-09,16:05:00,17:00:00,313,
D0113,2026-04-17,13:00:00,14:00:00,431,
D0113,2026-04-28,14:30:00,16:00:00,416,
D0113,2026-05-08,10:10:00,11:30:00,312,
D0113,2026-05-15,11:45:00,14:50:00,320,
D0113,2026-05-22,14:15:00,14:40:00,114,
D0113,2026-05-22,16:45:00,17:00:00,48,
D0113,2026-05-25,08:00:00,08:45:00,262,
D0113,2026-05-28,15:50:00,17:00:00,421,
D0113,2026-06-04,13:30:00,14:45:00,422,
D0113,2026-06-16,09:00:00,10:30:00,423,
D0113,2026-06-25,13:30:00,14:50:00,421,
D0113,2026-07-20,08:00:00,08:50:00,320,
D0113,2026-07-27,08:00:00,08:15:00,57,
D0113,2026-07-28,08:40:00,09:50:00,370,
D0113,2026-07-31,10:15:00,12:00:00,532,
D0113,2026-08-17,09:30:00,09:50:00,39,3
D0113,2026-08-18,08:30:00,09:25:00,321,5
D0113,2026-08-18,09:25:00,09:55:00,161,4
D0113,2026-08-26,17:00:00,18:20:00,507,6
D0114,2025-10-11,11:00:00,12:00:00,360,
D0114,2025-10-13,09:20:00,09:50:00,164,
D0114,2025-11-04,08:20:00,09:20:00,420,
D0114,2025-11-20,14:10:00,15:10:00,426,
D0114,2025-12-05,09:25:00,10:00:00,211,
D0114,2025-12-12,08:20:00,10:15:00,211,
D0114,2025-12-23,09:20:00,10:30:00,429,
D0114,2026-01-22,18:25:00,20:00:00,540,
D0114,2026-01-28,17:10:00,19:00:00,431,
D0114,2026-02-25,15:10:00,16:00:00,423,
D0114,2026-03-23,08:00:00,08:20:00,56,
D0114,2026-03-23,10:10:00,11:00:00,250,
D0114,2026-03-28,09:10:00,10:15:00,430,
D0114,2026-04-22,16:45:00,17:35:00,312,
D0114,2026-04-29,13:50:00,14:50:00,316,
D0114,2026-05-14,17:00:00,18:40:00,431,
D0114,2026-05-28,13:30:00,14:50:00,430,
D0114,2026-07-03,16:30:00,17:00:00,207,
D0114,2026-07-14,14:50:00,16:00:00,325,
D0114,2026-07-21,11:50:00,14:10:00,427,
D0114,2026-08-11,16:30:00,17:00:00,111,4
D0114,2026-08-12,14:15:00,15:35:00,319,4
D0114,2026-08-28,08:50:00,09:40:00,311,5
D0115-1,2025-12-23,10:30:00,10:50:00,156,
D0115-1,2026-04-15,09:45:00,10:25:00,152,
D0115-1,2026-05-06,10:30:00,11:00:00,98,
D0120,2026-05-16,11:35:00,12:00:00,105,
D0131,2025-10-15,16:00:00,17:30:00,407,
D0131,2025-10-23,16:20:00,17:00:00,306,
D0131,2025-12-08,08:00:00,08:30:00,73,
D0131,2025-12-08,09:00:00,10:00:00,332,
D0131,2025-12-18,16:30:00,18:00:00,407,
D0131,2026-01-22,20:05:00,20:25:00,111,
D0131,2026-01-24,07:00:00,08:20:00,289,
D0131,2026-02-07,07:00:00,08:00:00,302,
D0131,2026-03-02,13:35:00,14:30:00,300,
D0131,2026-03-20,15:15:00,16:30:00,301,
D0131,2026-04-01,18:00:00,18:40:00,200,
D0131,2026-04-15,10:25:00,11:25:00,308,
D0131,2026-04-30,15:25:00,16:10:00,297,
D0131,2026-05-19,08:10:00,08:45:00,301,
D0131,2026-06-11,08:00:00,09:30:00,302,
D0131,2026-07-20,08:50:00,09:30:00,197,
D0131,2026-07-23,17:00:00,19:10:00,402,
D0131,2026-08-20,14:00:00,14:20:00,51,5
D0133,2026-04-30,15:00:00,15:25:00,107,
D0134,2026-07-06,10:25:00,11:15:00,309,
D0134,2026-07-27,08:15:00,08:30:00,96,
D0134,2026-07-27,16:40:00,17:00:00,105,
D0134,2026-07-28,08:00:00,08:40:00,214,
D0134,2026-08-20,08:40:00,09:50:00,413,4
D0140-1,2026-01-26,18:30:00,20:30:00,600,
D0140-1,2026-04-17,14:45:00,16:05:00,297,
D0141,2026-04-15,09:20:00,09:45:00,20,
D0141,2026-04-17,14:00:00,14:45:00,306,
D0141,2026-05-08,11:30:00,13:20:00,184,
D0141,2026-05-08,18:30:00,18:50:00,124,
D0174,2026-06-04,13:00:00,13:20:00,23,
D0174,2026-06-05,11:25:00,13:15:00,316,
D0174,2026-07-08,09:35:00,10:05:00,157,
D0174,2026-07-16,08:00:00,08:50:00,264,
D0174,2026-07-29,14:20:00,15:10:00,200,
D0191-2,2025-10-25,09:40:00,10:00:00,99,
D0191-2,2025-10-30,09:50:00,10:25:00,207,
D0191-2,2025-11-03,08:00:00,09:20:00,423,
D0191-2,2025-11-13,13:50:00,14:40:00,205,
D0191-2,2025-11-25,20:15:00,20:30:00,51,
D0191-2,2025-11-26,14:10:00,14:30:00,102,
D0191-2,2025-12-02,14:25:00,15:00:00,209,
D0191-2,2025-12-18,08:10:00,08:20:00,25,
D0191-2,2025-12-18,16:00:00,16:30:00,182,
D0191-2,2025-12-31,10:00:00,10:30:00,124,
D0195-1,2026-06-18,08:00:00,08:30:00,95,
D0195-1,2026-07-08,10:05:00,10:55:00,204,
D0210,2025-10-01,08:00:00,10:30:00,734,
D0210,2025-10-04,09:00:00,11:40:00,969,
D0210,2025-10-16,13:40:00,15:30:00,637,
D0210,2025-10-25,10:30:00,12:00:00,450,
D0210,2025-10-27,13:50:00,15:00:00,331,
D0210,2025-11-22,08:50:00,11:30:00,790,
D0210,2025-12-15,11:40:00,15:00:00,789,
D0210,2025-12-29,16:00:00,18:30:00,450,
D0210,2025-12-30,11:00:00,11:45:00,281,
D0210,2026-01-08,18:50:00,20:30:00,450,
D0210,2026-01-09,11:25:00,13:30:00,385,
D0210,2026-01-21,15:35:00,18:00:00,779,
D0210,2026-02-02,15:45:00,16:50:00,300,
D0210,2026-02-03,15:40:00,20:10:00,337,
D0210,2026-02-06,11:00:00,14:25:00,725,
D0210,2026-02-10,14:35:00,16:30:00,521,
D0210,2026-02-12,13:45:00,15:00:00,409,
D0210,2026-03-06,17:00:00,20:20:00,750,
D0210,2026-03-07,13:00:00,13:40:00,188,
D0210,2026-03-12,19:40:00,20:30:00,207,
D0210,2026-03-13,17:00:00,17:30:00,105,
D0210,2026-03-20,19:40:00,20:30:00,150,
D0210,2026-03-23,08:20:00,10:10:00,686,
D0210,2026-03-25,17:50:00,20:30:00,651,
D0210,2026-03-26,19:30:00,20:00:00,84,
D0210,2026-04-02,19:55:00,20:30:00,150,
D0210,2026-04-04,08:00:00,10:00:00,622,
D0210,2026-04-11,10:15:00,11:00:00,150,
D0210,2026-04-13,08:00:00,08:55:00,365,
D0210,2026-04-16,10:40:00,18:00:00,900,
D0210,2026-04-17,11:45:00,12:00:00,148,
D0210,2026-04-24,09:45:00,11:50:00,721,
D0210,2026-05-07,10:50:00,14:40:00,788,
D0210,2026-05-16,14:20:00,17:00:00,789,
D0210,2026-05-19,08:00:00,08:05:00,34,
D0210,2026-05-25,13:50:00,14:20:00,57,
D0210,2026-05-27,08:00:00,09:20:00,459,
D0210,2026-05-27,16:10:00,17:00:00,311,
D0210,2026-06-03,10:20:00,13:15:00,520,
D0210,2026-06-10,08:00:00,10:30:00,734,
D0210,2026-06-18,08:30:00,10:30:00,519,
D0210,2026-06-25,09:00:00,11:10:00,616,
D0210,2026-07-13,14:50:00,17:00:00,617,
D0210,2026-07-17,10:45:00,13:40:00,600,
D0210,2026-07-20,15:40:00,16:40:00,240,
D0210,2026-07-25,09:00:00,10:35:00,415,
D0210,2026-08-01,09:40:00,11:40:00,526,5
D0210,2026-08-28,10:00:00,13:10:00,627,5
D0230,2025-10-14,13:15:00,15:30:00,513,
D0230,2025-11-12,10:45:00,11:50:00,307,
D0230,2025-11-28,08:25:00,09:10:00,297,
D0230,2025-12-15,10:35:00,11:40:00,302,
D0230,2025-12-29,11:30:00,13:45:00,454,
D0230,2026-01-24,11:05:00,12:00:00,150,
D0230,2026-01-26,17:00:00,18:00:00,346,
D0230,2026-02-12,10:50:00,13:45:00,405,
D0230,2026-03-12,17:25:00,19:35:00,443,
D0230,2026-03-27,17:20:00,20:00:00,552,
D0230,2026-03-28,07:00:00,07:20:00,54,
D0230,2026-04-11,07:00:00,08:15:00,397,
D0230,2026-04-14,19:30:00,20:30:00,150,
D0230,2026-04-15,17:00:00,18:10:00,452,
D0230,2026-05-12,14:30:00,17:00:00,747,
D0230,2026-05-13,14:10:00,15:50:00,495,
D0230,2026-06-03,08:25:00,10:20:00,410,
D0230,2026-06-17,15:10:00,17:00:00,400,
D0230,2026-06-25,11:10:00,13:30:00,299,
D0230,2026-07-09,16:00:00,17:00:00,150,
D0230,2026-07-13,13:50:00,14:50:00,401,
D0230,2026-07-25,08:05:00,09:00:00,298,
D0230,2026-08-05,08:00:00,08:50:00,305,5
D0230,2026-08-13,09:15:00,10:45:00,402,5
D0230,2026-08-28,13:10:00,15:00:00,508,5
D0231,2025-11-18,13:00:00,13:35:00,212,
D0231,2025-12-02,15:00:00,16:35:00,470,
D0231,2025-12-16,09:50:00,12:00:00,311,
D0231,2026-01-27,08:00:00,09:50:00,615,
D0231,2026-02-11,10:40:00,12:00:00,323,
D0231,2026-03-05,17:00:00,18:15:00,316,
D0231,2026-04-14,16:30:00,19:30:00,485,
D0231,2026-05-27,09:20:00,09:50:00,155,
D0231,2026-06-09,09:00:00,10:15:00,307,
D0231,2026-07-02,09:00:00,09:35:00,157,
D0231,2026-07-14,13:40:00,14:50:00,318,
D0231,2026-07-31,08:00:00,09:00:00,315,
D0231,2026-08-12,19:35:00,20:30:00,213,5
D0241,2025-10-30,10:25:00,10:55:00,148,
D0241,2026-01-02,15:40:00,16:00:00,57,
D0241,2026-01-05,09:00:00,09:30:00,89,
D0241,2026-02-06,10:00:00,11:30:00,144,
D0241,2026-03-12,16:45:00,17:25:00,142,
D0241,2026-04-02,19:10:00,19:55:00,141,
D0241,2026-04-28,13:20:00,13:50:00,141,
D0241,2026-05-12,13:40:00,14:30:00,150,
D0243,2025-10-02,14:20:00,15:00:00,183,
D0243,2025-10-03,13:00:00,13:40:00,126,
D0243,2025-10-14,15:30:00,17:10:00,442,
D0243,2025-11-22,11:30:00,13:15:00,148,
D0243,2025-12-11,09:45:00,10:20:00,145,
D0243,2026-01-21,14:25:00,15:35:00,300,
D0243,2026-04-22,15:50:00,16:45:00,290,
D0250,2025-10-08,19:25:00,20:00:00,150,
D0250,2025-11-14,15:00:00,15:35:00,150,
D0250,2025-11-29,10:30:00,11:00:00,131,
D0250,2025-12-16,13:00:00,13:40:00,227,
D0250,2025-12-29,11:00:00,11:30:00,174,
D0250,2026-04-04,10:00:00,10:40:00,165,
D0250,2026-05-11,17:00:00,17:50:00,176,
D0250,2026-06-03,13:45:00,14:20:00,148,
D0250,2026-07-28,09:50:00,10:30:00,145,
D0250,2026-08-19,16:00:00,16:45:00,145,7
D0290,2025-10-04,11:45:00,11:55:00,96,
D0290,2025-10-07,08:00:00,08:30:00,54,
D0290,2025-11-14,15:35:00,16:10:00,155,
D0290,2025-12-23,17:00:00,17:40:00,155,
D0290,2026-01-08,17:00:00,17:40:00,154,
D0290,2026-02-12,15:00:00,15:30:00,146,
D0290,2026-03-20,18:30:00,19:40:00,306,
D0290,2026-04-28,13:50:00,14:30:00,150,
D0290,2026-05-13,13:30:00,14:10:00,151,
D0290,2026-06-03,13:15:00,13:45:00,150,
D0290,2026-06-18,15:30:00,16:00:00,154,
D0290,2026-07-02,09:35:00,10:05:00,149,
D0290,2026-07-20,16:40:00,17:00:00,154,
D0290,2026-07-23,11:00:00,11:35:00,149,
D0290,2026-08-10,13:05:00,13:40:00,150,5
D0291,2025-10-03,15:00:00,16:00:00,316,
D0291,2025-10-25,10:00:00,10:30:00,152,
D0291,2025-11-07,08:00:00,09:10:00,311,
D0291,2025-12-11,10:20:00,11:15:00,308,
D0291,2025-12-24,16:20:00,17:00:00,255,
D0291,2025-12-29,10:40:00,11:00:00,51,
D0291,2026-01-08,17:40:00,18:50:00,152,
D0291,2026-02-06,14:25:00,15:30:00,312,
D0291,2026-03-07,13:40:00,14:45:00,305,
D0291,2026-03-28,07:20:00,09:00:00,513,
D0291,2026-04-11,08:15:00,10:15:00,616,
D0291,2026-04-24,08:50:00,09:45:00,306,
D0291,2026-05-13,15:50:00,17:00:00,300,
D0291,2026-06-15,10:15:00,11:20:00,409,
D0291,2026-07-01,15:40:00,17:00:00,202,
D0291,2026-07-16,16:20:00,17:20:00,309,
D0291,2026-07-25,10:35:00,11:30:00,305,
D0291,2026-08-04,15:25:00,18:30:00,781,6
D0291,2026-08-12,17:10:00,19:35:00,620,5
D0310,2025-10-01,10:30:00,12:00:00,308,
D0310,2025-10-01,13:00:00,13:45:00,213,
D0310,2025-10-02,10:20:00,11:25:00,308,
D0310,2025-10-02,11:25:00,13:25:00,324,
D0310,2025-10-03,16:00:00,16:40:00,306,
D0310,2025-10-03,16:40:00,17:00:00,174,
D0310,2025-10-04,08:40:00,08:55:00,148,
D0310,2025-10-09,13:10:00,14:20:00,315,
D0310,2025-10-09,14:20:00,15:20:00,318,
D0310,2025-10-13,09:50:00,10:55:00,301,
D0310,2025-10-13,10:55:00,11:50:00,322,
D0310,2025-10-16,10:30:00,11:35:00,353,
D0310,2025-10-16,11:35:00,13:40:00,369,
D0310,2025-10-18,09:45:00,11:10:00,419,
D0310,2025-10-18,11:10:00,12:00:00,315,
D0310,2025-10-21,09:40:00,10:50:00,302,
D0310,2025-10-21,10:50:00,11:30:00,218,
D0310,2025-10-22,08:00:00,09:00:00,147,
D0310,2025-10-23,08:00:00,09:40:00,310,
D0310,2025-10-23,09:40:00,10:50:00,310,
D0310,2025-10-28,08:30:00,10:35:00,301,
D0310,2025-10-28,10:35:00,13:40:00,315,
D0310,2025-10-29,13:40:00,14:45:00,302,
D0310,2025-10-29,14:45:00,15:10:00,211,
D0310,2025-10-30,10:55:00,13:05:00,307,
D0310,2025-10-30,13:05:00,14:00:00,318,
D0310,2025-11-03,09:20:00,10:20:00,303,
D0310,2025-11-03,10:20:00,11:10:00,317,
D0310,2025-11-04,09:20:00,10:05:00,307,
D0310,2025-11-04,10:05:00,10:40:00,212,
D0310,2025-11-05,08:00:00,08:30:00,202,
D0310,2025-11-05,08:30:00,09:00:00,210,
D0310,2025-11-06,13:00:00,13:55:00,302,
D0310,2025-11-06,13:55:00,14:40:00,217,
D0310,2025-11-12,08:00:00,09:00:00,304,
D0310,2025-11-12,10:00:00,10:45:00,318,
D0310,2025-11-13,11:25:00,13:10:00,204,
D0310,2025-11-13,13:10:00,13:50:00,214,
D0310,2025-11-17,10:00:00,10:40:00,296,
D0310,2025-11-17,10:40:00,11:30:00,324,
D0310,2025-11-19,19:30:00,20:30:00,261,
D0310,2025-11-20,13:20:00,13:30:00,67,
D0310,2025-11-20,13:30:00,14:10:00,209,
D0310,2025-11-20,17:00:00,17:45:00,302,
D0310,2025-11-20,17:45:00,18:30:00,316,
D0310,2025-11-22,07:40:00,08:15:00,198,
D0310,2025-11-22,08:15:00,08:50:00,212,
D0310,2025-11-25,18:30:00,19:10:00,307,
D0310,2025-11-25,19:10:00,20:15:00,316,
D0310,2025-11-28,09:10:00,09:50:00,308,
D0310,2025-11-28,09:50:00,10:45:00,317,
D0310,2025-12-01,16:00:00,17:00:00,309,
D0310,2025-12-02,11:30:00,13:20:00,315,
D0310,2025-12-02,13:20:00,13:50:00,202,
D0310,2025-12-02,13:50:00,14:25:00,209,
D0310,2025-12-03,16:15:00,17:00:00,297,
D0310,2025-12-03,17:00:00,17:50:00,317,
D0310,2025-12-04,17:15:00,17:55:00,210,
D0310,2025-12-04,17:55:00,18:30:00,144,
D0310,2025-12-05,08:00:00,08:30:00,168,
D0310,2025-12-05,13:30:00,14:10:00,202,
D0310,2025-12-09,15:40:00,16:15:00,200,
D0310,2025-12-09,16:15:00,17:00:00,213,
D0310,2025-12-10,08:00:00,09:00:00,302,
D0310,2025-12-10,09:00:00,10:00:00,317,
D0310,2025-12-11,11:15:00,13:10:00,213,
D0310,2025-12-11,13:10:00,14:20:00,302,
D0310,2025-12-17,16:05:00,17:00:00,329,
D0310,2025-12-18,08:00:00,09:10:00,341,
D0310,2025-12-18,18:00:00,18:30:00,66,
D0310,2025-12-19,09:40:00,10:00:00,131,
D0310,2025-12-19,10:00:00,10:45:00,209,
D0310,2025-12-19,10:45:00,11:45:00,304,
D0310,2025-12-19,11:45:00,13:45:00,321,
D0310,2025-12-22,15:30:00,16:20:00,219,
D0310,2025-12-22,16:20:00,17:00:00,180,
D0310,2025-12-23,09:00:00,09:20:00,54,
D0310,2025-12-24,13:50:00,15:10:00,339,
D0310,2025-12-24,15:10:00,16:20:00,352,
D0310,2025-12-31,08:00:00,09:30:00,345,
D0310,2025-12-31,09:30:00,10:00:00,238,
D0310,2026-01-02,11:25:00,13:40:00,343,
D0310,2026-01-02,13:40:00,15:05:00,462,
D0310,2026-01-07,19:05:00,20:30:00,210,
D0310,2026-01-08,08:00:00,08:40:00,230,
D0310,2026-01-08,08:40:00,09:40:00,349,
D0310,2026-01-10,10:05:00,10:55:00,337,
D0310,2026-01-10,10:55:00,11:40:00,236,
D0310,2026-01-15,14:45:00,15:45:00,342,
D0310,2026-01-17,10:20:00,11:30:00,448,
D0310,2026-01-20,08:00:00,08:50:00,346,
D0310,2026-01-20,08:50:00,09:35:00,353,
D0310,2026-01-20,17:35:00,19:30:00,347,
D0310,2026-01-20,19:30:00,20:30:00,228,
D0310,2026-01-21,08:00:00,08:30:00,117,
D0310,2026-01-24,08:20:00,09:25:00,344,
D0310,2026-01-24,09:25:00,10:20:00,339,
D0310,2026-01-24,10:20:00,11:05:00,346,
D0310,2026-01-27,09:50:00,11:15:00,343,
D0310,2026-01-27,11:15:00,14:00:00,352,
D0310,2026-01-27,14:00:00,15:15:00,332,
D0310,2026-01-27,15:15:00,16:00:00,240,
D0310,2026-01-28,19:00:00,20:15:00,341,
D0310,2026-01-29,09:00:00,09:25:00,237,
D0310,2026-01-29,09:25:00,10:50:00,459,
D0310,2026-01-29,10:50:00,12:00:00,346,
D0310,2026-02-04,09:25:00,10:35:00,333,
D0310,2026-02-04,10:35:00,11:30:00,228,
D0310,2026-02-05,10:55:00,13:15:00,342,
D0310,2026-02-05,13:15:00,13:55:00,236,
D0310,2026-02-13,09:20:00,10:30:00,343,
D0310,2026-02-13,10:30:00,11:25:00,346,
D0310,2026-03-02,10:10:00,11:10:00,341,
D0310,2026-03-05,14:40:00,15:25:00,198,
D0310,2026-03-05,15:25:00,16:05:00,208,
D0310,2026-03-07,14:45:00,15:55:00,338,
D0310,2026-03-09,13:15:00,14:25:00,347,
D0310,2026-03-11,08:10:00,09:20:00,331,
D0310,2026-03-11,09:30:00,10:50:00,351,
D0310,2026-03-12,15:15:00,16:20:00,212,
D0310,2026-03-12,16:20:00,16:45:00,189,
D0310,2026-03-13,17:30:00,18:55:00,201,
D0310,2026-03-13,18:55:00,20:00:00,301,
D0310,2026-03-14,09:55:00,11:20:00,300,
D0310,2026-03-14,11:20:00,12:00:00,90,
D0310,2026-03-16,13:10:00,17:20:00,310,
D0310,2026-03-17,10:10:00,10:50:00,201,
D0310,2026-03-17,13:30:00,14:10:00,193,
D0310,2026-03-17,14:10:00,14:50:00,217,
D0310,2026-03-19,17:00:00,19:10:00,312,
D0310,2026-03-19,19:10:00,20:10:00,297,
D0310,2026-03-23,11:00:00,11:50:00,299,
D0310,2026-03-23,11:50:00,13:40:00,324,
D0310,2026-03-24,16:40:00,17:00:00,120,
D0310,2026-03-25,16:30:00,17:10:00,191,
D0310,2026-03-25,17:10:00,17:50:00,300,
D0310,2026-03-27,14:00:00,16:40:00,303,
D0310,2026-03-27,16:40:00,17:20:00,207,
D0310,2026-03-28,10:15:00,11:00:00,240,
D0310,2026-03-30,13:00:00,13:20:00,59,
D0310,2026-03-30,13:20:00,17:00:00,310,
D0310,2026-04-01,19:45:00,20:30:00,240,
D0310,2026-04-02,18:20:00,18:30:00,63,
D0310,2026-04-02,18:30:00,19:10:00,210,
D0310,2026-04-04,10:40:00,11:20:00,199,
D0310,2026-04-07,13:00:00,13:30:00,208,
D0310,2026-04-09,17:00:00,18:20:00,201,
D0310,2026-04-09,18:20:00,19:05:00,210,
D0310,2026-04-10,16:20:00,17:20:00,195,
D0310,2026-04-10,17:20:00,18:00:00,206,
D0310,2026-04-15,18:10:00,18:30:00,57,
D0310,2026-04-16,09:20:00,10:00:00,247,
D0310,2026-04-16,10:00:00,10:40:00,206,
D0310,2026-04-20,16:50:00,18:05:00,297,
D0310,2026-04-20,18:05:00,19:00:00,210,
D0310,2026-04-21,17:00:00,17:55:00,296,
D0310,2026-04-22,10:30:00,13:25:00,314,
D0310,2026-04-22,14:35:00,15:20:00,210,
D0310,2026-04-22,15:20:00,15:50:00,197,
D0310,2026-04-25,08:50:00,09:50:00,304,
D0310,2026-04-25,09:50:00,11:00:00,207,
D0310,2026-04-30,11:35:00,13:30:00,298,
D0310,2026-04-30,13:30:00,14:50:00,305,
D0310,2026-05-04,09:05:00,10:15:00,307,
D0310,2026-05-04,10:15:00,11:10:00,316,
D0310,2026-05-05,13:00:00,14:10:00,303,
D0310,2026-05-05,14:10:00,15:30:00,312,
D0310,2026-05-07,09:00:00,09:50:00,193,
D0310,2026-05-07,10:00:00,10:50:00,210,
D0310,2026-05-08,18:50:00,20:00:00,196,
D0310,2026-05-09,10:15:00,11:15:00,209,
D0310,2026-05-12,19:05:00,20:05:00,300,
D0310,2026-05-12,20:05:00,20:25:00,57,
D0310,2026-05-13,13:00:00,13:30:00,156,
D0310,2026-05-14,18:40:00,19:55:00,299,
D0310,2026-05-14,19:55:00,20:25:00,129,
D0310,2026-05-15,11:00:00,11:45:00,186,
D0310,2026-05-16,08:15:00,09:35:00,409,
D0310,2026-05-16,09:35:00,11:35:00,508,
D0310,2026-05-20,08:00:00,08:50:00,303,
D0310,2026-05-20,08:50:00,09:20:00,211,
D0310,2026-05-21,16:25:00,17:00:00,197,
D0310,2026-05-22,13:00:00,13:35:00,209,
D0310,2026-05-22,13:35:00,14:15:00,211,
D0310,2026-05-22,14:40:00,15:45:00,310,
D0310,2026-05-27,17:30:00,19:00:00,299,
D0310,2026-05-27,19:00:00,20:00:00,209,
D0310,2026-05-27,20:00:00,20:30:00,165,
D0310,2026-05-28,08:00:00,08:30:00,140,
D0310,2026-06-04,08:00:00,08:50:00,250,
D0310,2026-06-04,08:50:00,09:25:00,206,
D0310,2026-06-08,13:50:00,15:00:00,304,
D0310,2026-06-08,15:00:00,15:45:00,206,
D0310,2026-06-09,10:15:00,11:25:00,316,
D0310,2026-06-09,11:25:00,13:25:00,301,
D0310,2026-06-12,11:35:00,13:20:00,195,
D0310,2026-06-12,13:20:00,14:50:00,208,
D0310,2026-06-15,08:00:00,09:20:00,303,
D0310,2026-06-15,09:25:00,10:00:00,207,
D0310,2026-06-16,10:30:00,11:20:00,304,
D0310,2026-06-16,11:20:00,11:55:00,210,
D0310,2026-06-18,10:30:00,13:15:00,301,
D0310,2026-06-18,13:20:00,14:20:00,313,
D0310,2026-06-22,16:15:00,16:40:00,148,
D0310,2026-06-22,16:40:00,17:00:00,75,
D0310,2026-06-23,10:50:00,13:25:00,360,
D0310,2026-06-24,13:00:00,14:15:00,279,
D0310,2026-06-24,14:15:00,15:15:00,340,
D0310,2026-06-25,14:50:00,16:25:00,304,
D0310,2026-06-25,16:25:00,17:00:00,209,
D0310,2026-06-30,10:30:00,11:35:00,301,
D0310,2026-07-02,10:05:00,11:40:00,305,
D0310,2026-07-06,08:15:00,09:15:00,307,
D0310,2026-07-06,09:15:00,10:25:00,312,
D0310,2026-07-08,14:25:00,15:40:00,302,
D0310,2026-07-08,15:40:00,17:00:00,312,
D0310,2026-07-14,16:00:00,16:40:00,196,
D0310,2026-07-14,16:40:00,17:15:00,212,
D0310,2026-07-16,17:20:00,18:00:00,197,
D0310,2026-07-17,10:20:00,10:45:00,210,
D0310,2026-07-21,10:40:00,11:15:00,197,
D0310,2026-07-21,11:15:00,11:50:00,213,
D0310,2026-07-23,19:10:00,20:30:00,290,
D0310,2026-07-25,07:00:00,08:05:00,318,
D0310,2026-07-28,16:55:00,17:50:00,197,
D0310,2026-07-29,08:55:00,09:30:00,210,
D0310,2026-07-29,11:25:00,13:30:00,306,
D0310,2026-07-29,13:30:00,14:20:00,213,
D0310,2026-07-31,09:00:00,09:35:00,203,
D0310,2026-07-31,09:35:00,10:15:00,209,
D0310,2026-07-31,13:00:00,13:40:00,304,
D0310,2026-07-31,13:40:00,14:20:00,208,
D0310,2026-08-05,08:50:00,09:35:00,196,5
D0310,2026-08-05,09:35:00,10:25:00,207,5
D0310,2026-08-07,14:30:00,15:40:00,301,4
D0310,2026-08-07,15:40:00,16:50:00,320,5
D0310,2026-08-08,08:30:00,10:00:00,402,5
D0310,2026-08-08,10:00:00,10:50:00,317,5
D0310,2026-08-11,08:00:00,10:05:00,408,5
D0310,2026-08-11,10:05:00,11:15:00,313,5
D0310,2026-08-15,07:45:00,08:50:00,306,5
D0310,2026-08-15,08:50:00,10:00:00,315,5
D0310,2026-08-15,10:45:00,11:25:00,200,5
D0310,2026-08-15,11:25:00,12:00:00,165,5
D0310,2026-08-17,08:15:00,08:30:00,50,5
D0310,2026-08-19,17:35:00,19:25:00,300,6
D0310,2026-08-19,19:30:00,20:05:00,215,6
D0310,2026-08-20,10:00:00,11:00:00,302,5
D0310,2026-08-20,13:00:00,14:00:00,315,5
D0310,2026-08-21,16:40:00,17:30:00,304,5
D0310,2026-08-21,17:30:00,18:00:00,240,5
D0310,2026-08-25,13:00:00,13:50:00,312,5
D0310,2026-08-25,13:55:00,14:35:00,314,5
D0310,2026-08-26,08:50:00,10:40:00,307,5
D0310,2026-08-26,10:40:00,12:00:00,313,5
D0310,2026-08-29,08:15:00,09:10:00,211,5
D0330,2025-10-03,13:40:00,14:30:00,305,
D0330,2025-10-03,14:30:00,15:00:00,210,
D0330,2025-10-15,10:20:00,11:00:00,206,
D0330,2025-10-15,11:00:00,12:00:00,301,
D0330,2025-10-21,11:30:00,12:00:00,197,
D0330,2025-10-21,13:00:00,13:40:00,212,
D0330,2025-11-06,14:40:00,15:40:00,204,
D0330,2025-11-06,15:40:00,16:30:00,211,
D0330,2025-11-20,15:10:00,16:00:00,213,
D0330,2025-11-20,16:00:00,17:00:00,305,
D0330,2025-11-26,14:30:00,15:25:00,300,
D0330,2025-11-26,15:25:00,16:10:00,312,
D0330,2025-12-03,17:50:00,18:30:00,183,
D0330,2025-12-04,16:20:00,16:35:00,27,
D0330,2025-12-04,16:35:00,17:15:00,196,
D0330,2025-12-09,13:25:00,14:40:00,301,
D0330,2025-12-09,14:40:00,15:40:00,309,
D0330,2025-12-19,13:45:00,14:45:00,297,
D0330,2025-12-19,14:45:00,15:25:00,207,
D0330,2026-01-02,09:40:00,10:45:00,305,
D0330,2026-01-02,10:45:00,11:25:00,211,
D0330,2026-01-10,08:40:00,09:25:00,210,
D0330,2026-01-10,09:25:00,10:05:00,194,
D0330,2026-01-19,14:45:00,15:50:00,306,
D0330,2026-01-30,18:00:00,19:05:00,302,
D0330,2026-01-30,19:05:00,19:50:00,206,
D0330,2026-02-04,11:30:00,13:30:00,299,
D0330,2026-02-04,13:30:00,14:20:00,308,
D0330,2026-02-11,13:00:00,13:30:00,198,
D0330,2026-02-11,13:30:00,14:10:00,209,
D0330,2026-02-24,14:40:00,16:00:00,299,
D0330,2026-02-24,16:00:00,16:40:00,209,
D0330,2026-03-10,11:00:00,11:45:00,191,
D0330,2026-03-11,11:50:00,13:30:00,207,
D0330,2026-03-18,10:50:00,11:40:00,309,
D0330,2026-03-18,11:40:00,13:30:00,298,
D0330,2026-03-24,08:00:00,08:50:00,206,
D0330,2026-03-24,08:50:00,09:45:00,195,
D0330,2026-04-08,19:40:00,20:30:00,114,
D0330,2026-04-09,13:40:00,14:10:00,184,
D0330,2026-04-09,14:10:00,15:10:00,309,
D0330,2026-04-25,07:15:00,07:50:00,161,
D0330,2026-04-25,07:50:00,08:50:00,293,
D0330,2026-04-29,10:30:00,11:10:00,200,
D0330,2026-04-29,11:10:00,12:00:00,202,
D0330,2026-04-29,13:00:00,13:50:00,360,
D0330,2026-05-06,08:10:00,09:25:00,410,
D0330,2026-05-06,09:25:00,10:30:00,311,
D0330,2026-05-12,17:00:00,18:10:00,207,
D0330,2026-05-12,18:10:00,19:05:00,295,
D0330,2026-05-22,15:45:00,16:45:00,302,
D0330,2026-06-08,08:30:00,09:45:00,207,
D0330,2026-06-08,09:45:00,10:30:00,197,
D0330,2026-06-10,10:30:00,11:15:00,196,
D0330,2026-07-08,13:00:00,13:55:00,298,
D0330,2026-07-23,08:00:00,08:45:00,197,
D0330,2026-07-29,09:30:00,10:30:00,298,
D0330,2026-07-29,10:30:00,11:25:00,310,
D0330,2026-08-25,14:40:00,15:30:00,201,5
D0331,2025-11-19,08:00:00,08:30:00,24,
D0331,2025-12-05,10:00:00,11:25:00,412,
D0331,2025-12-05,11:25:00,13:30:00,381,
D0331,2026-06-04,13:20:00,13:30:00,21,
D0331,2026-06-05,13:15:00,14:15:00,311,
D0331,2026-06-05,14:15:00,15:20:00,311,
D0331,2026-06-12,09:20:00,10:50:00,309,
D0331,2026-06-12,10:50:00,11:35:00,211,
D0331,2026-06-23,15:10:00,16:25:00,206,
D0331,2026-06-23,16:25:00,17:00:00,194,
D0331,2026-06-29,15:55:00,16:15:00,39,
D0331,2026-06-30,08:00:00,09:05:00,173,
D0331,2026-06-30,09:05:00,10:30:00,310,
D0331,2026-07-03,08:00:00,08:45:00,212,
D0331,2026-07-03,08:45:00,09:15:00,201,
D0331,2026-07-21,08:40:00,09:35:00,202,
D0331,2026-07-21,09:35:00,10:35:00,207,
D0331,2026-08-01,07:00:00,08:00:00,146,5
D0331,2026-08-01,08:00:00,09:40:00,430,5
D0331,2026-08-03,11:05:00,11:40:00,49,4
D0331,2026-08-05,15:00:00,16:15:00,306,5
D0331,2026-08-06,15:45:00,17:00:00,319,5
D0331,2026-08-18,10:00:00,11:00:00,300,5
D0331,2026-08-18,11:00:00,11:40:00,213,5
D0331,2026-08-26,18:20:00,20:30:00,255,5
D0331,2026-08-27,15:45:00,16:00:00,53,5
D0331,2026-08-28,08:00:00,08:40:00,213,5
D0390,2026-06-09,13:00:00,15:40:00,118,
D0390,2026-06-18,10:30:00,15:15:00,185,
D0390,2026-07-24,13:00:00,16:00:00,153,
D0420,2025-12-03,08:00:00,09:30:00,277,
D0420,2025-12-29,13:45:00,15:25:00,172,
D0420,2026-01-27,16:00:00,17:50:00,194,
D0420,2026-03-05,08:00:00,09:10:00,218,
D0420,2026-03-17,14:50:00,18:00:00,278,
D0420,2026-05-04,13:30:00,14:25:00,171,
D0420,2026-05-13,09:00:00,09:40:00,167,
D0420,2026-05-28,13:30:00,14:30:00,197,
D0420,2026-07-23,13:00:00,13:55:00,225,
D0420,2026-08-27,17:00:00,19:20:00,167,3
D0422,2025-10-15,08:00:00,09:30:00,388,
D0422,2025-12-05,14:10:00,16:40:00,389,
D0422,2025-12-29,15:25:00,16:50:00,172,
D0422,2026-01-19,13:10:00,19:45:00,446,
D0422,2026-02-04,16:00:00,17:00:00,192,
D0422,2026-02-05,08:00:00,08:10:00,36,
D0422,2026-03-11,17:00:00,19:50:00,259,
D0422,2026-04-09,19:05:00,20:30:00,255,
D0422,2026-05-04,14:25:00,15:35:00,229,
D0422,2026-05-13,09:40:00,11:00:00,227,
D0422,2026-06-02,08:00:00,09:15:00,389,
D0422,2026-07-27,13:00:00,16:40:00,420,
D0422,2026-08-27,17:00:00,19:30:00,255,4
D0520,2025-11-05,10:05:00,13:30:00,3452,
D0520,2025-12-30,08:00:00,10:55:00,3435,
D0520,2026-02-25,08:00:00,11:40:00,3578,
D0520,2026-06-05,08:00:00,11:25:00,3451,
D0520,2026-07-30,08:00:00,11:25:00,3413,
D0521,2025-11-24,09:15:00,11:50:00,3341,
D0521,2025-12-22,10:40:00,13:40:00,1680,
D0521,2025-12-23,08:00:00,09:00:00,1579,
D0521,2026-01-19,08:00:00,14:45:00,3211,
D0521,2026-02-25,11:45:00,15:00:00,3265,
D0521,2026-04-13,13:00:00,17:00:00,1680,
D0521,2026-04-14,13:00:00,14:20:00,1547,
D0521,2026-05-14,11:25:00,13:35:00,1135,
D0521,2026-06-04,09:25:00,12:00:00,3341,
D0521,2026-06-30,13:00:00,17:00:00,2376,
D0521,2026-07-30,11:25:00,14:50:00,2916,
D0521,2026-08-03,08:00:00,09:20:00,1037,4
D0530,2025-10-21,16:00:00,17:00:00,1471,
D0530,2025-11-21,14:00:00,14:45:00,1799,
D0530,2025-12-22,13:00:00,13:30:00,49,
D0530,2026-01-05,08:00:00,08:20:00,36,
D0530,2026-01-08,15:50:00,17:00:00,2719,
D0530,2026-03-09,10:30:00,13:10:00,2779,
D0530,2026-08-06,11:30:00,14:00:00,1500,7
D0530,2026-08-10,10:05:00,11:30:00,1474,3
D0530,2026-08-10,14:30:00,16:00:00,1452,1
D0530,2026-08-12,15:35:00,17:00:00,1529,5
D0591,2025-10-07,10:45:00,11:45:00,2282,
D0591,2025-11-27,13:20:00,14:30:00,2167,
D0591,2026-03-19,18:30:00,19:00:00,416,
D0591,2026-03-20,13:30:00,15:10:00,1236,
D0591,2026-03-25,17:00:00,18:00:00,535,
D0591,2026-04-02,15:00:00,15:20:00,659,
D0591,2026-06-05,16:00:00,17:00:00,1869,
D0591,2026-08-10,11:30:00,13:05:00,660,5
D0591,2026-08-15,09:30:00,10:30:00,1466,4
D0592,2025-11-19,15:00:00,15:30:00,1020,
D0592,2025-11-20,11:00:00,13:20:00,931,
D0592,2026-03-19,19:00:00,19:50:00,864,
D0592,2026-06-03,08:00:00,10:50:00,2013,
D0592,2026-06-03,11:30:00,11:40:00,182,
D0592,2026-06-09,16:15:00,16:45:00,996,
D0592,2026-06-10,16:30:00,17:00:00,1207,
D0593,2025-10-17,09:40:00,11:30:00,1866,
D0594,2025-10-28,14:55:00,17:00:00,720,
D0594,2025-10-30,14:00:00,15:30:00,155,
D0594,2026-06-30,09:20:00,17:00:00,1745,
D0610,2025-11-28,10:45:00,11:20:00,200,
D0610,2026-05-05,09:00:00,10:25:00,198,
D0610,2026-07-07,08:15:00,09:00:00,197,
D0630,2025-11-21,08:00:00,08:25:00,153,
D0630,2026-05-06,11:00:00,11:30:00,151,
D0730,2026-02-05,10:00:00,17:00:00,1336,
D0731,2026-07-27,11:10:00,12:00:00,1097,
D0732,2025-12-11,14:20:00,15:40:00,1692,
D0732,2025-12-12,15:25:00,16:00:00,1272,
D0790,2025-11-18,15:00:00,15:30:00,1117,
D0810,2026-01-08,13:00:00,13:50:00,414,
D0810,2026-02-13,08:00:00,08:35:00,425,
D0810,2026-04-23,17:00:00,17:50:00,274,
D0810,2026-06-17,14:30:00,15:10:00,280,
D0810,2026-08-08,07:00:00,07:50:00,263,8
D0820,2025-11-03,08:00:00,09:35:00,146,
D0820,2025-12-12,08:00:00,08:20:00,148,
D0820,2026-01-26,08:00:00,09:15:00,150,
D0820,2026-04-25,07:00:00,07:15:00,99,
D0820,2026-06-24,13:00:00,14:50:00,150,
D0820-1,2026-04-24,16:50:00,17:00:00,51,
D0910,2026-01-09,11:00:00,11:25:00,434,
D0910,2026-02-26,08:30:00,11:00:00,430,
D0910,2026-04-13,11:00:00,11:30:00,322,
D0910,2026-08-14,17:00:00,18:30:00,329,4
D0990,2026-01-09,10:45:00,11:00:00,100,
D0990,2026-05-16,09:50:00,10:10:00,101,
D0991,2025-11-13,08:00:00,11:25:00,258,
D0991,2025-11-25,08:00:00,12:00:00,508,
D0991,2026-03-30,13:00:00,16:25:00,266,
D0991,2026-04-01,13:00:00,17:20:00,275,
D0991,2026-04-10,08:00:00,13:20:00,278,
D0991,2026-04-21,08:00:00,12:00:00,268,
D0991,2026-06-10,13:00:00,16:30:00,315,
D0991,2026-06-16,10:30:00,16:10:00,487,
D0991,2026-07-01,08:00:00,12:00:00,211,
D0991,2026-07-09,08:30:00,12:00:00,311,
D0991,2026-07-09,11:30:00,16:00:00,370,
D0991,2026-08-18,13:00:00,17:00:00,259,7
D0992,2025-11-21,08:00:00,15:00:00,403,
D0992,2025-12-04,07:00:00,08:30:00,403,
D0992,2026-07-03,09:15:00,15:20:00,383,
D1010,2025-11-25,17:00:00,17:45:00,206,
D1010,2026-01-21,08:30:00,09:00:00,206,
D1010,2026-03-16,17:20:00,18:05:00,208,
D1010,2026-05-05,10:25:00,11:45:00,204,
D1010,2026-08-08,07:50:00,08:30:00,207,5
D1130,2025-11-27,11:10:00,13:20:00,423,
D1130,2026-01-08,09:40:00,11:10:00,412,
D1130,2026-01-29,13:00:00,14:20:00,414,
D1130,2026-03-16,18:05:00,18:30:00,36,
D1130,2026-03-17,08:00:00,08:30:00,162,
D1130,2026-05-21,11:30:00,13:10:00,202,
D1130,2026-06-18,14:20:00,15:30:00,198,
D1130,2026-07-23,08:45:00,11:00:00,613,
D1130,2026-08-15,10:00:00,10:45:00,204,5
D1211,2025-11-07,09:10:00,10:00:00,139,
D1211,2025-12-16,16:10:00,16:20:00,137,
D1211,2026-01-07,16:10:00,18:00:00,136,
D1211,2026-01-21,15:10:00,18:30:00,564,
D1211,2026-02-10,08:00:00,10:50:00,135,
D1211,2026-05-13,07:00:00,09:00:00,280,
D1211,2026-07-25,08:00:00,08:35:00,135,
D1390,2026-03-09,14:40:00,16:45:00,1761,
D1410-1,2025-11-21,08:25:00,09:40:00,399,
D1410-1,2025-12-17,14:40:00,16:05:00,506,
D1410-1,2026-02-13,08:00:00,09:20:00,399,
D1410-1,2026-04-01,18:40:00,19:45:00,299,
D1410-1,2026-05-04,11:10:00,13:30:00,397,
D1410-1,2026-05-20,09:20:00,10:25:00,407,
D1410-1,2026-07-13,10:20:00,13:50:00,297,
D1410-1,2026-07-29,08:00:00,08:55:00,304,
D1410-1,2026-08-07,13:00:00,14:30:00,397,4
D1410-1,2026-08-19,16:46:00,17:35:00,199,7
D1410-1,2026-08-26,08:00:00,08:50:00,299,4
D1520,2025-11-27,09:00:00,09:30:00,241,
D1520,2025-12-24,09:00:00,10:15:00,1801,
D1520,2026-08-03,09:20:00,10:30:00,1201,4
D1521,2025-11-20,08:00:00,09:00:00,1803,
D1521,2026-08-03,10:30:00,11:05:00,1201,4
D1620,2025-12-31,14:30:00,15:45:00,158,
D2010,2025-12-31,15:30:00,16:50:00,1199,
D2010,2026-04-23,11:30:00,13:30:00,600,
D2010,2026-05-28,08:30:00,09:30:00,600,
D2010,2026-08-19,15:15:00,16:00:00,600,7
D2021,2025-11-04,08:00:00,08:20:00,300,
D2021,2025-11-22,07:00:00,07:40:00,300,
D2021,2025-11-26,16:10:00,17:00:00,600,
D2021,2026-01-02,07:00:00,08:05:00,600,
D2021,2026-01-29,13:00:00,14:20:00,899,
D2021,2026-02-02,13:25:00,13:50:00,1674,
D2021,2026-02-12,15:30:00,16:35:00,900,
D2021,2026-03-24,08:00:00,09:00:00,300,
D2021,2026-04-08,14:20:00,15:00:00,300,
D2021,2026-04-18,07:00:00,08:00:00,600,
D2021,2026-05-20,14:10:00,16:00:00,900,
D2021,2026-06-16,13:00:00,13:30:00,300,
D2021,2026-06-29,16:25:00,17:00:00,222,
D2021,2026-06-30,08:00:00,08:50:00,378,
D2021,2026-07-17,19:35:00,20:30:00,300,
D2021,2026-07-20,11:40:00,13:25:00,300,
D2021,2026-08-01,10:00:00,10:30:00,300,6
D2021,2026-08-24,15:30:00,16:20:00,600,6
D2212,2025-11-18,16:30:00,18:30:00,600,
D2212,2025-11-19,11:20:00,12:00:00,223,
D2212,2025-12-12,10:15:00,13:20:00,820,
D2212,2025-12-23,17:40:00,20:30:00,720,
D2212,2025-12-24,08:45:00,09:00:00,108,
D2212,2025-12-31,10:30:00,14:30:00,811,
D2212,2026-01-15,10:00:00,14:05:00,410,
D2212,2026-02-03,15:40:00,20:10:00,1218,
D2212,2026-02-09,08:00:00,09:30:00,408,
D2212,2026-02-23,08:30:00,10:00:00,401,
D2212,2026-03-17,08:30:00,09:50:00,405,
D2212,2026-03-17,19:30:00,20:30:00,120,
D2212,2026-03-18,09:15:00,10:10:00,402,
D2212,2026-04-08,09:20:00,10:40:00,407,
D2212,2026-04-22,13:25:00,14:35:00,402,
D2330,2025-12-29,08:00:00,08:52:00,32,
D2330,2025-12-29,08:52:00,08:58:00,35,
D2330,2025-12-29,08:58:00,09:07:00,35,
D2330,2025-12-29,09:07:00,09:10:00,34,
D2330,2025-12-29,09:10:00,09:17:00,35,
D2330,2025-12-29,09:17:00,09:22:00,35,
D2330,2026-02-06,08:00:00,08:15:00,35,
D2330,2026-02-06,08:15:00,08:22:00,31,
D2330,2026-02-06,08:22:00,08:30:00,34,
D2330,2026-02-06,08:30:00,08:36:00,35,
D2330,2026-02-06,08:36:00,08:45:00,37,
D2330,2026-02-06,08:45:00,08:49:00,35,
D2330,2026-04-13,10:59:00,11:08:00,29,
D2330,2026-04-13,11:08:00,11:14:00,35,
D2330,2026-04-13,10:25:00,10:34:00,34,
D2330,2026-04-13,10:34:00,10:43:00,35,
D2330,2026-04-13,10:43:00,10:51:00,36,
D2330,2026-04-13,10:51:00,10:59:00,35,
D2330,2026-05-27,09:50:00,10:50:00,205,
D2330,2026-07-25,08:23:00,09:15:00,206,
D2531,2026-03-23,09:00:00,10:30:00,209,
D2712,2026-07-02,13:30:00,13:40:00,20,
D2712,2026-07-06,08:00:00,08:15:00,22,
D2712,2026-07-15,09:05:00,10:10:00,553,
D2820,2025-12-09,08:00:00,08:40:00,404,
D9950,2026-04-14,14:20:00,15:10:00,960,
D9950,2026-04-14,16:00:00,16:30:00,1268,
Z0001,2026-03-16,08:00:00,10:20:00,1356,
Z0001,2026-03-25,08:00:00,08:50:00,1584,
Z0002,2026-03-09,14:30:00,14:40:00,82,
Z1001,2026-04-10,11:00:00,11:30:00,1078,
Z1001,2026-04-10,13:30:00,14:15:00,1259,
Z2001,2026-08-28,15:00:00,16:00:00,154,5
Z3001,2026-07-21,13:00:00,16:30:00,2728,
E0120,2025-11-28,15:00:00,16:00:00,2400,
E0120,2025-12-29,13:45:00,15:20:00,3600,
E0120,2026-01-15,17:35:00,18:30:00,1392,
E0120,2026-01-16,13:00:00,13:35:00,1008,
E0120,2026-03-20,08:00:00,10:50:00,4800,
E0120,2026-05-11,13:20:00,14:10:00,2400,
E0120,2026-05-14,13:40:00,16:20:00,1200,
E0120,2026-06-23,08:00:00,10:00:00,3600,
E0120,2026-07-22,11:30:00,14:00:00,3600,
E0120,2026-08-14,09:00:00,12:00:00,3600,3
E0121,2025-11-28,16:00:00,17:00:00,2400,
E0121,2025-12-29,15:20:00,16:00:00,450,
E0121,2026-01-06,10:30:00,12:00:00,1800,
E0121,2026-01-15,16:40:00,17:30:00,2400,
E0121,2026-03-20,10:50:00,13:20:00,3600,
E0121,2026-05-14,16:20:00,17:00:00,1260,
E0121,2026-05-15,09:40:00,11:00:00,2340,
E0121,2026-06-25,13:00:00,14:05:00,2400,
E0121,2026-07-22,10:00:00,11:30:00,3600,
E0121,2026-08-14,13:00:00,13:50:00,2400,3
F0010,2025-11-07,13:00:00,15:20:00,197,
F0010,2025-11-27,13:20:00,16:55:00,305,
F0010,2025-12-10,08:00:00,17:00:00,424,
F0010,2025-12-18,13:00:00,14:50:00,182,
F0010,2026-01-06,13:00:00,15:25:00,145,
F0010,2026-01-20,09:55:00,14:00:00,299,
F0010,2026-01-24,07:00:00,10:30:00,464,
F0010,2026-01-24,10:30:00,12:00:00,146,
F0010,2026-03-19,08:00:00,14:30:00,302,
F0010,2026-04-16,13:00:00,15:50:00,183,
F0010,2026-04-28,08:00:00,13:05:00,182,
F0010,2026-05-11,08:00:00,09:30:00,185,
F0010,2026-05-21,09:00:00,11:30:00,302,
F0010,2026-06-09,08:45:00,10:05:00,121,
F0010,2026-06-09,10:05:00,12:00:00,142,
F0010,2026-07-01,13:00:00,14:00:00,181,
F0010,2026-08-06,13:00:00,16:30:00,181,4
F0010,2026-08-14,09:00:00,11:00:00,118,5
F0010,2026-08-24,13:00:00,17:00:00,301,5
F0020,2025-11-07,15:20:00,15:40:00,146,
F0020,2025-12-03,11:30:00,17:00:00,295,
F0020,2025-12-10,11:00:00,16:00:00,145,
F0020,2025-12-18,14:50:00,17:15:00,294,
F0020,2026-01-06,15:25:00,16:30:00,308,
F0020,2026-01-13,13:00:00,15:00:00,152,
F0020,2026-01-20,16:10:00,17:35:00,335,
F0020,2026-02-07,09:00:00,12:00:00,293,
F0020,2026-04-16,15:00:00,16:30:00,146,
F0020,2026-04-28,10:00:00,13:25:00,143,
F0020,2026-05-11,09:30:00,11:20:00,143,
F0020,2026-07-01,14:00:00,15:30:00,143,
F0020,2026-08-06,14:30:00,16:45:00,148,5
F0020,2026-08-14,11:00:00,15:40:00,222,5
F0020,2026-08-31,10:00:00,14:45:00,219,7
